date,spx
12/03/2025,5599.30
11/03/2025,5572.07
10/03/2025,5614.56
07/03/2025,5770.20
06/03/2025,5738.52
05/03/2025,5842.63
04/03/2025,5778.15
03/03/2025,5849.72
28/02/2025,5954.50
27/02/2025,5861.57
26/02/2025,5956.06
25/02/2025,5955.25
24/02/2025,5983.25
21/02/2025,6013.13
20/02/2025,6117.52
19/02/2025,6144.15
18/02/2025,6129.58
14/02/2025,6114.63
13/02/2025,6115.07
12/02/2025,6051.97
11/02/2025,6068.50
10/02/2025,6066.44
07/02/2025,6025.99
06/02/2025,6083.57
05/02/2025,6061.48
04/02/2025,6037.88
03/02/2025,5994.57
31/01/2025,6040.53
30/01/2025,6071.17
29/01/2025,6039.31
28/01/2025,6067.70
27/01/2025,6012.28
24/01/2025,6101.24
23/01/2025,6118.71
22/01/2025,6086.37
21/01/2025,6049.24
17/01/2025,5996.66
16/01/2025,5937.34
15/01/2025,5949.91
14/01/2025,5842.91
13/01/2025,5836.22
10/01/2025,5827.04
08/01/2025,5918.25
07/01/2025,5909.03
06/01/2025,5975.38
03/01/2025,5942.47
02/01/2025,5868.55
31/12/2024,5881.63
30/12/2024,5906.94
27/12/2024,5970.84
26/12/2024,6037.59
24/12/2024,6040.04
23/12/2024,5974.07
20/12/2024,5930.85
19/12/2024,5867.08
18/12/2024,5872.16
17/12/2024,6050.61
16/12/2024,6074.08
13/12/2024,6051.09
12/12/2024,6051.25
11/12/2024,6084.19
10/12/2024,6034.91
09/12/2024,6052.85
06/12/2024,6090.27
05/12/2024,6075.11
04/12/2024,6086.49
03/12/2024,6049.88
02/12/2024,6047.15
29/11/2024,6032.38
27/11/2024,5998.74
26/11/2024,6021.63
25/11/2024,5987.37
22/11/2024,5969.34
21/11/2024,5948.71
20/11/2024,5917.11
19/11/2024,5916.98
18/11/2024,5893.62
15/11/2024,5870.62
14/11/2024,5949.17
13/11/2024,5985.38
12/11/2024,5983.99
11/11/2024,6001.35
08/11/2024,5995.54
07/11/2024,5973.10
06/11/2024,5929.04
05/11/2024,5782.76
04/11/2024,5712.69
01/11/2024,5728.80
31/10/2024,5705.45
30/10/2024,5813.67
29/10/2024,5832.92
28/10/2024,5823.52
25/10/2024,5808.12
24/10/2024,5809.86
23/10/2024,5797.42
22/10/2024,5851.20
21/10/2024,5853.98
18/10/2024,5864.67
17/10/2024,5841.47
16/10/2024,5842.47
15/10/2024,5815.26
14/10/2024,5859.85
11/10/2024,5815.03
10/10/2024,5780.05
09/10/2024,5792.04
08/10/2024,5751.13
07/10/2024,5695.94
04/10/2024,5751.07
03/10/2024,5699.94
02/10/2024,5709.54
01/10/2024,5708.75
30/09/2024,5762.48
27/09/2024,5738.17
26/09/2024,5745.37
25/09/2024,5722.26
24/09/2024,5732.93
23/09/2024,5718.57
20/09/2024,5702.55
19/09/2024,5713.64
18/09/2024,5618.26
17/09/2024,5634.58
16/09/2024,5633.09
13/09/2024,5626.02
12/09/2024,5595.76
11/09/2024,5554.13
10/09/2024,5495.52
09/09/2024,5471.05
06/09/2024,5408.42
05/09/2024,5503.41
04/09/2024,5520.07
03/09/2024,5528.93
30/08/2024,5648.40
29/08/2024,5591.96
28/08/2024,5592.18
27/08/2024,5625.80
26/08/2024,5616.84
23/08/2024,5634.61
22/08/2024,5570.64
21/08/2024,5620.85
20/08/2024,5597.12
19/08/2024,5608.25
16/08/2024,5554.25
15/08/2024,5543.22
14/08/2024,5455.21
13/08/2024,5434.43
12/08/2024,5344.39
09/08/2024,5344.16
08/08/2024,5319.31
07/08/2024,5199.50
06/08/2024,5240.03
05/08/2024,5186.33
02/08/2024,5346.56
01/08/2024,5446.68
31/07/2024,5522.30
30/07/2024,5436.44
29/07/2024,5463.54
26/07/2024,5459.10
25/07/2024,5399.22
24/07/2024,5427.13
23/07/2024,5555.74
22/07/2024,5564.41
19/07/2024,5505.00
18/07/2024,5544.59
17/07/2024,5588.27
16/07/2024,5667.20
15/07/2024,5631.22
12/07/2024,5615.35
11/07/2024,5584.54
10/07/2024,5633.91
09/07/2024,5576.98
08/07/2024,5572.85
05/07/2024,5567.19
03/07/2024,5537.02
02/07/2024,5509.01
01/07/2024,5475.09
28/06/2024,5460.48
27/06/2024,5482.87
26/06/2024,5477.90
25/06/2024,5469.30
24/06/2024,5447.87
21/06/2024,5464.62
20/06/2024,5473.17
18/06/2024,5487.03
17/06/2024,5473.23
14/06/2024,5431.60
13/06/2024,5433.74
12/06/2024,5421.03
11/06/2024,5375.32
10/06/2024,5360.79
07/06/2024,5346.99
06/06/2024,5352.96
05/06/2024,5354.03
04/06/2024,5291.34
03/06/2024,5283.40
31/05/2024,5277.51
30/05/2024,5235.48
29/05/2024,5266.95
28/05/2024,5306.04
24/05/2024,5304.72
23/05/2024,5267.84
22/05/2024,5307.01
21/05/2024,5321.41
20/05/2024,5308.13
17/05/2024,5303.27
16/05/2024,5297.10
15/05/2024,5308.15
14/05/2024,5246.68
13/05/2024,5221.42
10/05/2024,5222.68
09/05/2024,5214.08
08/05/2024,5187.67
07/05/2024,5187.70
06/05/2024,5180.74
03/05/2024,5127.79
02/05/2024,5064.20
01/05/2024,5018.39
30/04/2024,5035.69
29/04/2024,5116.17
26/04/2024,5099.96
25/04/2024,5048.42
24/04/2024,5071.63
23/04/2024,5070.55
22/04/2024,5010.60
19/04/2024,4967.23
18/04/2024,5011.12
17/04/2024,5022.21
16/04/2024,5051.41
15/04/2024,5061.82
12/04/2024,5123.41
11/04/2024,5199.06
10/04/2024,5160.64
09/04/2024,5209.91
08/04/2024,5202.39
05/04/2024,5204.34
04/04/2024,5147.21
03/04/2024,5211.49
02/04/2024,5205.81
01/04/2024,5243.77
28/03/2024,5254.35
27/03/2024,5248.49
26/03/2024,5203.58
25/03/2024,5218.19
22/03/2024,5234.18
21/03/2024,5241.53
20/03/2024,5224.62
19/03/2024,5178.51
18/03/2024,5149.42
15/03/2024,5117.09
14/03/2024,5150.48
13/03/2024,5165.31
12/03/2024,5175.27
11/03/2024,5117.94
08/03/2024,5123.69
07/03/2024,5157.36
06/03/2024,5104.76
05/03/2024,5078.65
04/03/2024,5130.95
01/03/2024,5137.08
29/02/2024,5096.27
28/02/2024,5069.76
27/02/2024,5078.18
26/02/2024,5069.53
23/02/2024,5088.80
22/02/2024,5087.03
21/02/2024,4981.80
20/02/2024,4975.51
16/02/2024,5005.57
15/02/2024,5029.73
14/02/2024,5000.62
13/02/2024,4953.17
12/02/2024,5021.84
09/02/2024,5026.61
08/02/2024,4997.91
07/02/2024,4995.06
06/02/2024,4954.23
05/02/2024,4942.81
02/02/2024,4958.61
01/02/2024,4906.19
31/01/2024,4845.65
30/01/2024,4924.97
29/01/2024,4927.93
26/01/2024,4890.97
25/01/2024,4894.16
24/01/2024,4868.55
23/01/2024,4864.60
22/01/2024,4850.43
19/01/2024,4839.81
18/01/2024,4780.94
17/01/2024,4739.21
16/01/2024,4765.98
12/01/2024,4783.83
11/01/2024,4780.24
10/01/2024,4783.45
09/01/2024,4756.50
08/01/2024,4763.54
05/01/2024,4697.24
04/01/2024,4688.68
03/01/2024,4704.81
02/01/2024,4742.83
29/12/2023,4769.83
28/12/2023,4783.35
27/12/2023,4781.58
26/12/2023,4774.75
22/12/2023,4754.63
21/12/2023,4746.75
20/12/2023,4698.35
19/12/2023,4768.37
18/12/2023,4740.56
15/12/2023,4719.19
14/12/2023,4719.55
13/12/2023,4707.09
12/12/2023,4643.70
11/12/2023,4622.44
08/12/2023,4604.37
07/12/2023,4585.59
06/12/2023,4549.34
05/12/2023,4567.18
04/12/2023,4569.78
01/12/2023,4594.63
30/11/2023,4567.80
29/11/2023,4550.58
28/11/2023,4554.89
27/11/2023,4550.43
24/11/2023,4559.34
22/11/2023,4556.62
21/11/2023,4538.19
20/11/2023,4547.38
17/11/2023,4514.02
16/11/2023,4508.24
15/11/2023,4502.88
14/11/2023,4495.70
13/11/2023,4411.55
10/11/2023,4415.24
09/11/2023,4347.35
08/11/2023,4382.78
07/11/2023,4378.38
06/11/2023,4365.98
03/11/2023,4358.34
02/11/2023,4317.78
01/11/2023,4237.86
31/10/2023,4193.80
30/10/2023,4166.82
27/10/2023,4117.37
26/10/2023,4137.23
25/10/2023,4186.77
24/10/2023,4247.68
23/10/2023,4217.04
20/10/2023,4224.16
19/10/2023,4278.00
18/10/2023,4314.60
17/10/2023,4373.20
16/10/2023,4373.63
13/10/2023,4327.78
12/10/2023,4349.61
11/10/2023,4376.95
10/10/2023,4358.24
09/10/2023,4335.66
06/10/2023,4308.50
05/10/2023,4258.19
04/10/2023,4263.75
03/10/2023,4229.45
02/10/2023,4288.39
29/09/2023,4288.05
28/09/2023,4299.70
27/09/2023,4274.51
26/09/2023,4273.53
25/09/2023,4337.44
22/09/2023,4320.06
21/09/2023,4330.00
20/09/2023,4402.20
19/09/2023,4443.95
18/09/2023,4453.53
15/09/2023,4450.32
14/09/2023,4505.10
13/09/2023,4467.44
12/09/2023,4461.90
11/09/2023,4487.46
08/09/2023,4457.49
07/09/2023,4451.14
06/09/2023,4465.48
05/09/2023,4496.83
01/09/2023,4515.77
31/08/2023,4507.66
30/08/2023,4514.87
29/08/2023,4497.63
28/08/2023,4433.31
25/08/2023,4405.71
24/08/2023,4376.31
23/08/2023,4436.01
22/08/2023,4387.55
21/08/2023,4399.77
18/08/2023,4369.71
17/08/2023,4370.36
16/08/2023,4404.33
15/08/2023,4437.86
14/08/2023,4489.72
11/08/2023,4464.05
10/08/2023,4468.83
09/08/2023,4467.71
08/08/2023,4499.38
07/08/2023,4518.44
04/08/2023,4478.03
03/08/2023,4501.89
02/08/2023,4513.39
01/08/2023,4576.73
31/07/2023,4588.96
28/07/2023,4582.23
27/07/2023,4537.41
26/07/2023,4566.75
25/07/2023,4567.46
24/07/2023,4554.64
21/07/2023,4536.34
20/07/2023,4534.87
19/07/2023,4565.72
18/07/2023,4554.98
17/07/2023,4522.79
14/07/2023,4505.42
13/07/2023,4510.04
12/07/2023,4472.16
11/07/2023,4439.26
10/07/2023,4409.53
07/07/2023,4398.95
06/07/2023,4411.59
05/07/2023,4446.82
03/07/2023,4455.59
30/06/2023,4450.38
29/06/2023,4396.44
28/06/2023,4376.86
27/06/2023,4378.41
26/06/2023,4328.82
23/06/2023,4348.33
22/06/2023,4381.89
21/06/2023,4365.69
20/06/2023,4388.71
16/06/2023,4409.59
15/06/2023,4425.84
14/06/2023,4372.59
13/06/2023,4369.01
12/06/2023,4338.93
09/06/2023,4298.86
08/06/2023,4293.93
07/06/2023,4267.52
06/06/2023,4283.85
05/06/2023,4273.79
02/06/2023,4282.37
01/06/2023,4221.02
31/05/2023,4179.83
30/05/2023,4205.52
26/05/2023,4205.45
25/05/2023,4151.28
24/05/2023,4115.24
23/05/2023,4145.58
22/05/2023,4192.63
19/05/2023,4191.98
18/05/2023,4198.05
17/05/2023,4158.77
16/05/2023,4109.90
15/05/2023,4136.28
12/05/2023,4124.08
11/05/2023,4130.62
10/05/2023,4137.64
09/05/2023,4119.17
08/05/2023,4138.12
05/05/2023,4136.25
04/05/2023,4061.22
03/05/2023,4090.75
02/05/2023,4119.58
01/05/2023,4167.87
28/04/2023,4169.48
27/04/2023,4135.35
26/04/2023,4055.99
25/04/2023,4071.63
24/04/2023,4137.04
21/04/2023,4133.52
20/04/2023,4129.79
19/04/2023,4154.52
18/04/2023,4154.87
17/04/2023,4151.32
14/04/2023,4137.64
13/04/2023,4146.22
12/04/2023,4091.95
11/04/2023,4108.94
10/04/2023,4109.11
06/04/2023,4105.02
05/04/2023,4090.38
04/04/2023,4100.60
03/04/2023,4124.51
31/03/2023,4109.31
30/03/2023,4050.83
29/03/2023,4027.81
28/03/2023,3971.27
27/03/2023,3977.53
24/03/2023,3970.99
23/03/2023,3948.72
22/03/2023,3936.97
21/03/2023,4002.87
20/03/2023,3951.57
17/03/2023,3916.64
16/03/2023,3960.28
15/03/2023,3891.93
14/03/2023,3919.29
13/03/2023,3855.76
10/03/2023,3861.59
09/03/2023,3918.32
08/03/2023,3992.01
07/03/2023,3986.37
06/03/2023,4048.42
03/03/2023,4045.64
02/03/2023,3981.35
01/03/2023,3951.39
28/02/2023,3970.15
27/02/2023,3982.24
24/02/2023,3970.04
23/02/2023,4012.32
22/02/2023,3991.05
21/02/2023,3997.34
17/02/2023,4079.09
16/02/2023,4090.41
15/02/2023,4147.60
14/02/2023,4136.13
13/02/2023,4137.29
10/02/2023,4090.46
09/02/2023,4081.50
08/02/2023,4117.86
07/02/2023,4164.00
06/02/2023,4111.08
03/02/2023,4136.48
02/02/2023,4179.76
01/02/2023,4119.21
31/01/2023,4076.60
30/01/2023,4017.77
27/01/2023,4070.56
26/01/2023,4060.43
25/01/2023,4016.22
24/01/2023,4016.95
23/01/2023,4019.81
20/01/2023,3972.61
19/01/2023,3898.85
18/01/2023,3928.86
17/01/2023,3990.97
13/01/2023,3999.09
12/01/2023,3983.17
11/01/2023,3969.61
10/01/2023,3919.25
09/01/2023,3892.09
06/01/2023,3895.08
05/01/2023,3808.10
04/01/2023,3852.97
03/01/2023,3824.14
30/12/2022,3839.50
29/12/2022,3849.28
28/12/2022,3783.22
27/12/2022,3829.25
23/12/2022,3844.82
22/12/2022,3822.39
21/12/2022,3878.44
20/12/2022,3821.62
19/12/2022,3817.66
16/12/2022,3852.36
15/12/2022,3895.75
14/12/2022,3995.32
13/12/2022,4019.65
12/12/2022,3990.56
09/12/2022,3934.38
08/12/2022,3963.51
07/12/2022,3933.92
06/12/2022,3941.26
05/12/2022,3998.84
02/12/2022,4071.70
01/12/2022,4076.57
30/11/2022,4080.11
29/11/2022,3957.63
28/11/2022,3963.94
25/11/2022,4026.12
23/11/2022,4027.26
22/11/2022,4003.58
21/11/2022,3949.94
18/11/2022,3965.34
17/11/2022,3946.56
16/11/2022,3958.79
15/11/2022,3991.73
14/11/2022,3957.25
11/11/2022,3992.93
10/11/2022,3956.37
09/11/2022,3748.57
08/11/2022,3828.11
07/11/2022,3806.80
04/11/2022,3770.55
03/11/2022,3719.89
02/11/2022,3759.69
01/11/2022,3856.10
31/10/2022,3871.98
28/10/2022,3901.06
27/10/2022,3807.30
26/10/2022,3830.60
25/10/2022,3859.11
24/10/2022,3797.34
21/10/2022,3752.75
20/10/2022,3665.78
19/10/2022,3695.16
18/10/2022,3719.98
17/10/2022,3677.95
14/10/2022,3583.07
13/10/2022,3669.91
12/10/2022,3577.03
11/10/2022,3588.84
10/10/2022,3612.39
07/10/2022,3639.66
06/10/2022,3744.52
05/10/2022,3783.28
04/10/2022,3790.93
03/10/2022,3678.43
30/09/2022,3585.62
29/09/2022,3640.47
28/09/2022,3719.04
27/09/2022,3647.29
26/09/2022,3655.04
23/09/2022,3693.23
22/09/2022,3757.99
21/09/2022,3789.93
20/09/2022,3855.93
19/09/2022,3899.89
16/09/2022,3873.33
15/09/2022,3901.35
14/09/2022,3946.01
13/09/2022,3932.69
12/09/2022,4110.41
09/09/2022,4067.36
08/09/2022,4006.18
07/09/2022,3979.87
06/09/2022,3908.19
02/09/2022,3924.26
01/09/2022,3966.85
31/08/2022,3955.00
30/08/2022,3986.16
29/08/2022,4030.61
26/08/2022,4057.66
25/08/2022,4199.12
24/08/2022,4140.77
23/08/2022,4128.73
22/08/2022,4137.99
19/08/2022,4228.48
18/08/2022,4283.74
17/08/2022,4274.04
16/08/2022,4305.20
15/08/2022,4297.14
12/08/2022,4280.15
11/08/2022,4207.27
10/08/2022,4210.24
09/08/2022,4122.47
08/08/2022,4140.06
05/08/2022,4145.19
04/08/2022,4151.94
03/08/2022,4155.17
02/08/2022,4091.19
01/08/2022,4118.63
29/07/2022,4130.29
28/07/2022,4072.43
27/07/2022,4023.61
26/07/2022,3921.05
25/07/2022,3966.84
22/07/2022,3961.63
21/07/2022,3998.95
20/07/2022,3959.90
19/07/2022,3936.69
18/07/2022,3830.85
15/07/2022,3863.16
14/07/2022,3790.38
13/07/2022,3801.78
12/07/2022,3818.80
11/07/2022,3854.43
08/07/2022,3899.38
07/07/2022,3902.62
06/07/2022,3845.08
05/07/2022,3831.39
01/07/2022,3825.33
30/06/2022,3785.38
29/06/2022,3818.83
28/06/2022,3821.55
27/06/2022,3900.11
24/06/2022,3911.74
23/06/2022,3795.73
22/06/2022,3759.89
21/06/2022,3764.79
17/06/2022,3674.84
16/06/2022,3666.77
15/06/2022,3789.99
14/06/2022,3735.48
13/06/2022,3749.63
10/06/2022,3900.86
09/06/2022,4017.82
08/06/2022,4115.77
07/06/2022,4160.68
06/06/2022,4121.43
03/06/2022,4108.54
02/06/2022,4176.82
01/06/2022,4101.23
31/05/2022,4132.15
27/05/2022,4158.24
26/05/2022,4057.84
25/05/2022,3978.73
24/05/2022,3941.48
23/05/2022,3973.75
20/05/2022,3901.36
19/05/2022,3900.79
18/05/2022,3923.68
17/05/2022,4088.85
16/05/2022,4008.01
13/05/2022,4023.89
12/05/2022,3930.08
11/05/2022,3935.18
10/05/2022,4001.05
09/05/2022,3991.24
06/05/2022,4123.34
05/05/2022,4146.87
04/05/2022,4300.17
03/05/2022,4175.48
02/05/2022,4155.38
29/04/2022,4131.93
28/04/2022,4287.50
27/04/2022,4183.96
26/04/2022,4175.20
25/04/2022,4296.12
22/04/2022,4271.78
21/04/2022,4393.66
20/04/2022,4459.45
19/04/2022,4462.21
18/04/2022,4391.69
14/04/2022,4392.59
13/04/2022,4446.59
12/04/2022,4397.45
11/04/2022,4412.53
08/04/2022,4488.28
07/04/2022,4500.21
06/04/2022,4481.15
05/04/2022,4525.12
04/04/2022,4582.64
01/04/2022,4545.86
31/03/2022,4530.41
30/03/2022,4602.45
29/03/2022,4631.60
28/03/2022,4575.52
25/03/2022,4543.06
24/03/2022,4520.16
23/03/2022,4456.24
22/03/2022,4511.61
21/03/2022,4461.18
18/03/2022,4463.12
17/03/2022,4411.67
16/03/2022,4357.86
15/03/2022,4262.45
14/03/2022,4173.11
11/03/2022,4204.31
10/03/2022,4259.52
09/03/2022,4277.88
08/03/2022,4170.70
07/03/2022,4201.09
04/03/2022,4328.87
03/03/2022,4363.49
02/03/2022,4386.54
01/03/2022,4306.26
28/02/2022,4373.94
25/02/2022,4384.65
24/02/2022,4288.70
23/02/2022,4225.50
22/02/2022,4304.76
18/02/2022,4348.87
17/02/2022,4380.26
16/02/2022,4475.01
15/02/2022,4471.07
14/02/2022,4401.67
11/02/2022,4418.64
10/02/2022,4504.08
09/02/2022,4587.18
08/02/2022,4521.54
07/02/2022,4483.87
04/02/2022,4500.53
03/02/2022,4477.44
02/02/2022,4589.38
01/02/2022,4546.54
31/01/2022,4515.55
28/01/2022,4431.85
27/01/2022,4326.51
26/01/2022,4349.93
25/01/2022,4356.45
24/01/2022,4410.13
21/01/2022,4397.94
20/01/2022,4482.73
19/01/2022,4532.76
18/01/2022,4577.11
14/01/2022,4662.85
13/01/2022,4659.03
12/01/2022,4726.35
11/01/2022,4713.07
10/01/2022,4670.29
07/01/2022,4677.03
06/01/2022,4696.05
05/01/2022,4700.58
04/01/2022,4793.54
03/01/2022,4796.56
31/12/2021,4766.18
30/12/2021,4778.73
29/12/2021,4793.06
28/12/2021,4786.35
27/12/2021,4791.19
23/12/2021,4725.79
22/12/2021,4696.56
21/12/2021,4649.23
20/12/2021,4568.02
17/12/2021,4620.64
16/12/2021,4668.67
15/12/2021,4709.85
14/12/2021,4634.09
13/12/2021,4668.97
10/12/2021,4712.02
09/12/2021,4667.45
08/12/2021,4701.21
07/12/2021,4686.75
06/12/2021,4591.67
03/12/2021,4538.43
02/12/2021,4577.10
01/12/2021,4513.04
30/11/2021,4567.00
29/11/2021,4655.27
26/11/2021,4594.62
24/11/2021,4701.46
23/11/2021,4690.70
22/11/2021,4682.94
19/11/2021,4697.96
18/11/2021,4704.54
17/11/2021,4688.67
16/11/2021,4700.90
15/11/2021,4682.80
12/11/2021,4682.85
11/11/2021,4649.27
10/11/2021,4646.71
09/11/2021,4685.25
08/11/2021,4701.70
05/11/2021,4697.53
04/11/2021,4680.06
03/11/2021,4660.57
02/11/2021,4630.65
01/11/2021,4613.67
29/10/2021,4605.38
28/10/2021,4596.42
27/10/2021,4551.68
26/10/2021,4574.79
25/10/2021,4566.48
22/10/2021,4544.90
21/10/2021,4549.78
20/10/2021,4536.19
19/10/2021,4519.63
18/10/2021,4486.46
15/10/2021,4471.37
14/10/2021,4438.26
13/10/2021,4363.80
12/10/2021,4350.65
11/10/2021,4361.19
08/10/2021,4391.34
07/10/2021,4399.76
06/10/2021,4363.55
05/10/2021,4345.72
04/10/2021,4300.46
01/10/2021,4357.04
30/09/2021,4307.54
29/09/2021,4359.46
28/09/2021,4352.63
27/09/2021,4443.11
24/09/2021,4455.48
23/09/2021,4448.98
22/09/2021,4395.64
21/09/2021,4354.19
20/09/2021,4357.73
17/09/2021,4432.99
16/09/2021,4473.75
15/09/2021,4480.70
14/09/2021,4443.05
13/09/2021,4468.73
10/09/2021,4458.58
09/09/2021,4493.28
08/09/2021,4514.07
07/09/2021,4520.03
03/09/2021,4535.43
02/09/2021,4536.95
01/09/2021,4524.09
31/08/2021,4522.68
30/08/2021,4528.79
27/08/2021,4509.37
26/08/2021,4470.00
25/08/2021,4496.19
24/08/2021,4486.23
23/08/2021,4479.53
20/08/2021,4441.67
19/08/2021,4405.80
18/08/2021,4400.27
17/08/2021,4448.08
16/08/2021,4479.71
13/08/2021,4468.00
12/08/2021,4460.83
11/08/2021,4447.70
10/08/2021,4436.75
09/08/2021,4432.35
06/08/2021,4436.52
05/08/2021,4429.10
04/08/2021,4402.66
03/08/2021,4423.15
02/08/2021,4387.16
30/07/2021,4395.26
29/07/2021,4419.15
28/07/2021,4400.64
27/07/2021,4401.46
26/07/2021,4422.30
23/07/2021,4411.79
22/07/2021,4367.48
21/07/2021,4358.69
20/07/2021,4323.06
19/07/2021,4258.49
16/07/2021,4327.16
15/07/2021,4360.03
14/07/2021,4374.30
13/07/2021,4369.21
12/07/2021,4384.63
09/07/2021,4369.55
08/07/2021,4320.82
07/07/2021,4358.13
06/07/2021,4343.54
02/07/2021,4352.34
01/07/2021,4319.94
30/06/2021,4297.50
29/06/2021,4291.80
28/06/2021,4290.61
25/06/2021,4280.70
24/06/2021,4266.49
23/06/2021,4241.84
22/06/2021,4246.44
21/06/2021,4224.79
18/06/2021,4166.45
17/06/2021,4221.86
16/06/2021,4223.70
15/06/2021,4246.59
14/06/2021,4255.15
11/06/2021,4247.44
10/06/2021,4239.18
09/06/2021,4219.55
08/06/2021,4227.26
07/06/2021,4226.52
04/06/2021,4229.89
03/06/2021,4192.85
02/06/2021,4208.12
01/06/2021,4202.04
28/05/2021,4204.11
27/05/2021,4200.88
26/05/2021,4195.99
25/05/2021,4188.13
24/05/2021,4197.05
21/05/2021,4155.86
20/05/2021,4159.12
19/05/2021,4115.68
18/05/2021,4127.83
17/05/2021,4163.29
14/05/2021,4173.85
13/05/2021,4112.50
12/05/2021,4063.04
11/05/2021,4152.10
10/05/2021,4188.43
07/05/2021,4232.60
06/05/2021,4201.62
05/05/2021,4167.59
04/05/2021,4164.66
03/05/2021,4192.66
30/04/2021,4181.17
29/04/2021,4211.47
28/04/2021,4183.18
27/04/2021,4186.72
26/04/2021,4187.62
23/04/2021,4180.17
22/04/2021,4134.98
21/04/2021,4173.42
20/04/2021,4134.94
19/04/2021,4163.26
16/04/2021,4185.47
15/04/2021,4170.42
14/04/2021,4124.66
13/04/2021,4141.59
12/04/2021,4127.99
09/04/2021,4128.80
08/04/2021,4097.17
07/04/2021,4079.95
06/04/2021,4073.94
05/04/2021,4077.91
01/04/2021,4019.87
31/03/2021,3972.89
30/03/2021,3958.55
29/03/2021,3971.09
26/03/2021,3974.54
25/03/2021,3909.52
24/03/2021,3889.14
23/03/2021,3910.52
22/03/2021,3940.59
19/03/2021,3913.10
18/03/2021,3915.46
17/03/2021,3974.12
16/03/2021,3962.71
15/03/2021,3968.94
12/03/2021,3943.34
11/03/2021,3939.34
10/03/2021,3898.81
09/03/2021,3875.44
08/03/2021,3821.35
05/03/2021,3841.94
04/03/2021,3768.47
03/03/2021,3819.72
02/03/2021,3870.29
01/03/2021,3901.82
26/02/2021,3811.15
25/02/2021,3829.34
24/02/2021,3925.43
23/02/2021,3881.37
22/02/2021,3876.50
19/02/2021,3906.71
18/02/2021,3913.97
17/02/2021,3931.33
16/02/2021,3932.59
12/02/2021,3934.83
11/02/2021,3916.38
10/02/2021,3909.88
09/02/2021,3911.23
08/02/2021,3915.59
05/02/2021,3886.83
04/02/2021,3871.74
03/02/2021,3830.17
02/02/2021,3826.31
01/02/2021,3773.86
29/01/2021,3714.24
28/01/2021,3787.38
27/01/2021,3750.77
26/01/2021,3849.62
25/01/2021,3855.36
22/01/2021,3841.47
21/01/2021,3853.07
20/01/2021,3851.85
19/01/2021,3798.91
15/01/2021,3768.25
14/01/2021,3795.54
13/01/2021,3809.84
12/01/2021,3801.19
11/01/2021,3799.61
08/01/2021,3824.68
07/01/2021,3803.79
06/01/2021,3748.14
05/01/2021,3726.86
04/01/2021,3700.65
31/12/2020,3756.07
30/12/2020,3732.04
29/12/2020,3727.04
28/12/2020,3735.36
24/12/2020,3703.06
23/12/2020,3690.01
22/12/2020,3687.26
21/12/2020,3694.92
18/12/2020,3709.41
17/12/2020,3722.48
16/12/2020,3701.17
15/12/2020,3694.62
14/12/2020,3647.49
11/12/2020,3663.46
10/12/2020,3668.10
09/12/2020,3672.82
08/12/2020,3702.25
07/12/2020,3691.96
04/12/2020,3699.12
03/12/2020,3666.72
02/12/2020,3669.01
01/12/2020,3662.45
30/11/2020,3621.63
27/11/2020,3638.35
25/11/2020,3629.65
24/11/2020,3635.41
23/11/2020,3577.59
20/11/2020,3557.54
19/11/2020,3581.87
18/11/2020,3567.79
17/11/2020,3609.53
16/11/2020,3626.91
13/11/2020,3585.15
12/11/2020,3537.01
11/11/2020,3572.66
10/11/2020,3545.53
09/11/2020,3550.50
06/11/2020,3509.44
05/11/2020,3510.45
04/11/2020,3443.44
03/11/2020,3369.02
02/11/2020,3310.24
30/10/2020,3269.96
29/10/2020,3310.11
28/10/2020,3271.03
27/10/2020,3390.68
26/10/2020,3400.97
23/10/2020,3465.39
22/10/2020,3453.49
21/10/2020,3435.56
20/10/2020,3443.12
19/10/2020,3426.92
16/10/2020,3483.81
15/10/2020,3483.34
14/10/2020,3488.67
13/10/2020,3511.93
12/10/2020,3534.22
09/10/2020,3477.13
08/10/2020,3446.83
07/10/2020,3419.45
06/10/2020,3360.95
05/10/2020,3408.63
02/10/2020,3348.44
01/10/2020,3380.80
30/09/2020,3363.00
29/09/2020,3335.47
28/09/2020,3351.60
25/09/2020,3298.46
24/09/2020,3246.59
23/09/2020,3236.92
22/09/2020,3315.57
21/09/2020,3281.06
18/09/2020,3319.47
17/09/2020,3357.01
16/09/2020,3385.49
15/09/2020,3401.20
14/09/2020,3383.54
11/09/2020,3340.97
10/09/2020,3339.19
09/09/2020,3398.96
08/09/2020,3331.84
04/09/2020,3426.96
03/09/2020,3455.06
02/09/2020,3580.84
01/09/2020,3526.65
31/08/2020,3500.31
28/08/2020,3508.01
27/08/2020,3484.55
26/08/2020,3478.73
25/08/2020,3443.62
24/08/2020,3431.28
21/08/2020,3397.16
20/08/2020,3385.51
19/08/2020,3374.85
18/08/2020,3389.78
17/08/2020,3381.99
14/08/2020,3372.85
13/08/2020,3373.43
12/08/2020,3380.35
11/08/2020,3333.69
10/08/2020,3360.47
07/08/2020,3351.28
06/08/2020,3349.16
05/08/2020,3327.77
04/08/2020,3306.51
03/08/2020,3294.61
31/07/2020,3271.12
30/07/2020,3246.22
29/07/2020,3258.44
28/07/2020,3218.44
27/07/2020,3239.41
24/07/2020,3215.63
23/07/2020,3235.66
22/07/2020,3276.02
21/07/2020,3257.30
20/07/2020,3251.84
17/07/2020,3224.73
16/07/2020,3215.57
15/07/2020,3226.56
14/07/2020,3197.52
13/07/2020,3155.22
10/07/2020,3185.04
09/07/2020,3152.05
08/07/2020,3169.94
07/07/2020,3145.32
06/07/2020,3179.72
02/07/2020,3130.01
01/07/2020,3115.86
30/06/2020,3100.29
29/06/2020,3053.24
26/06/2020,3009.05
25/06/2020,3083.76
24/06/2020,3050.33
23/06/2020,3131.29
22/06/2020,3117.86
19/06/2020,3097.74
18/06/2020,3115.34
17/06/2020,3113.49
16/06/2020,3124.74
15/06/2020,3066.59
12/06/2020,3041.31
11/06/2020,3002.10
10/06/2020,3190.14
09/06/2020,3207.18
08/06/2020,3232.39
05/06/2020,3193.93
04/06/2020,3112.35
03/06/2020,3122.87
02/06/2020,3080.82
01/06/2020,3055.73
29/05/2020,3044.31
28/05/2020,3029.73
27/05/2020,3036.13
26/05/2020,2991.77
22/05/2020,2955.45
21/05/2020,2948.51
20/05/2020,2971.61
19/05/2020,2922.94
18/05/2020,2953.91
15/05/2020,2863.70
14/05/2020,2852.50
13/05/2020,2820.00
12/05/2020,2870.12
11/05/2020,2930.32
08/05/2020,2929.80
07/05/2020,2881.19
06/05/2020,2848.42
05/05/2020,2868.44
04/05/2020,2842.74
01/05/2020,2830.71
30/04/2020,2912.43
29/04/2020,2939.51
28/04/2020,2863.39
27/04/2020,2878.48
24/04/2020,2836.74
23/04/2020,2797.80
22/04/2020,2799.31
21/04/2020,2736.56
20/04/2020,2823.16
17/04/2020,2874.56
16/04/2020,2799.55
15/04/2020,2783.36
14/04/2020,2846.06
13/04/2020,2761.63
09/04/2020,2789.82
08/04/2020,2749.98
07/04/2020,2659.41
06/04/2020,2663.68
03/04/2020,2488.65
02/04/2020,2526.90
01/04/2020,2470.50
31/03/2020,2584.59
30/03/2020,2626.65
27/03/2020,2541.47
26/03/2020,2630.07
25/03/2020,2475.56
24/03/2020,2447.33
23/03/2020,2237.40
20/03/2020,2304.92
